Designator,Val,Package,Mid X,Mid Y,Rotation,Layer
C1,100pF,C_0805_2012Metric_Pad1.15x1.40mm_HandSolder,31.20136,-27.42946,180,top
C2,100pF,C_0805_2012Metric_Pad1.15x1.40mm_HandSolder,37.15004,-34.55162,70,top
C4,0.001uF,C_0603_1608Metric_Pad1.05x0.95mm_HandSolder,60.31484,-23.15718,0,top
C5,100pF,C_0805_2012Metric_Pad1.15x1.40mm_HandSolder,50.075069,-28.805816,320,top
C6,4.7pF,C_0402_1005Metric,62.347106,-27.647414,140,top
C7,0.1uF,C_0805_2012Metric_Pad1.15x1.40mm_HandSolder,55.155789,-26.496092,110,top
C8,10uF,CP_Elec_5x5.4,38.66388,-61.58992,270,top
C9,10uF,CP_Elec_5x5.4,38.66388,-69.71538,270,top
C10,0.1uF,C_0805_2012Metric_Pad1.15x1.40mm_HandSolder,58.171812,-48.302577,270,top
C11,0.1uF,C_0805_2012Metric_Pad1.15x1.40mm_HandSolder,64.754591,-32.003347,120,top
C12,0.002uF,C_0603_1608Metric_Pad1.05x0.95mm_HandSolder,66.040603,-38.586401,190,top
C13,1uF,CP_Elec_4x5.4,44.05884,-58.28284,270,top
C14,1uF,CP_Elec_4x5.4,49.16678,-59.14644,270,top
C15,10pF,C_0603_1608Metric_Pad1.05x0.95mm_HandSolder,54.330793,-64.370095,270,top
C16,0.1uF,C_0805_2012Metric_Pad1.15x1.40mm_HandSolder,55.758277,-58.660173,90,top
C17,0.1uF,C_0805_2012Metric_Pad1.15x1.40mm_HandSolder,58.458295,-69.975874,270,top
D1,D,D_SOD-323F,42.88282,-27.87904,90,top
D2,D,D_SOD-323F,58.129941,-26.429805,320,top
D3,D,D_SOD-323F,69.49694,-39.46398,240,top
D4,D,D_SOD-323F,65.545619,-42.801575,280,top
D5,D,D_SOD-323F,64.67348,-48.95088,190,top
D6,D,D_SOD-323F,67.52764,-42.464755,280,top
D7,D,D_SOD-323F,65.04686,-50.97018,10,top
D8,D,D_SOD-323F,65.4177,-53.04282,190,top
R1,200k,R_0603_1608Metric_Pad1.05x0.95mm_HandSolder,43.289219,-24.048719,270,top
R2,10k,R_0603_1608Metric_Pad1.05x0.95mm_HandSolder,45.293279,-24.00808,270,top
R3,1M,R_0603_1608Metric_Pad1.05x0.95mm_HandSolder,27.2034,-28.38704,90,top
R4,100k,R_0603_1608Metric_Pad1.05x0.95mm_HandSolder,27.03068,-31.9913,270,top
R5,100k,R_0603_1608Metric_Pad1.05x0.95mm_HandSolder,24.5491,-24.25446,130,top
R6,100k,R_0603_1608Metric_Pad1.05x0.95mm_HandSolder,26.77414,-24.2062,120,top
R7,100k,R_0603_1608Metric_Pad1.05x0.95mm_HandSolder,29.718,-24.18842,90,top
R8,100k,R_0603_1608Metric_Pad1.05x0.95mm_HandSolder,32.1691,-24.23668,50,top
R9,200k,R_0603_1608Metric_Pad1.05x0.95mm_HandSolder,49.15662,-23.96998,90,top
R10,47k,R_0603_1608Metric_Pad1.05x0.95mm_HandSolder,47.16526,-24.003,90,top
R12,475,R_0603_1608Metric_Pad1.05x0.95mm_HandSolder,37.55898,-21.77796,0,top
R13,100K,R_0603_1608Metric_Pad1.05x0.95mm_HandSolder,27.03576,-52.27574,240,top
R14,1M,R_0603_1608Metric_Pad1.05x0.95mm_HandSolder,22.51456,-50.21326,270,top
R15,4.7K,R_0603_1608Metric_Pad1.05x0.95mm_HandSolder,42.88536,-31.66872,90,top
R16,10K,R_0603_1608Metric_Pad1.05x0.95mm_HandSolder,34.858789,-43.083625,280,top
R17,1M,R_0603_1608Metric_Pad1.05x0.95mm_HandSolder,38.91026,-31.71698,340,top
R18,100K,R_0603_1608Metric_Pad1.05x0.95mm_HandSolder,46.759035,-32.200546,310,top
R19,18k,R_0603_1608Metric_Pad1.05x0.95mm_HandSolder,48.312629,-30.463638,320,top
R20,100K,R_0603_1608Metric_Pad1.05x0.95mm_HandSolder,56.8833,-23.13686,180,top
R21,10K,R_0603_1608Metric_Pad1.05x0.95mm_HandSolder,61.5315,-33.85058,250,top
R22,1K,R_0603_1608Metric_Pad1.05x0.95mm_HandSolder,60.64504,-24.88438,180,top
R23,10K,R_0603_1608Metric_Pad1.05x0.95mm_HandSolder,53.218028,-27.59602,290,top
R24,2K,R_0603_1608Metric_Pad1.05x0.95mm_HandSolder,53.111922,-23.947733,210,top
R25,1M,R_0603_1608Metric_Pad1.05x0.95mm_HandSolder,61.093434,-28.979472,320,top
R26,10K,R_0603_1608Metric_Pad1.05x0.95mm_HandSolder,58.7375,-36.27882,50,top
R27,100K,R_0603_1608Metric_Pad1.05x0.95mm_HandSolder,49.130315,-53.329545,90,top
R28,47K,R_0603_1608Metric_Pad1.05x0.95mm_HandSolder,55.385395,-47.206993,0,top
R29,10K,R_0603_1608Metric_Pad1.05x0.95mm_HandSolder,60.953205,-47.484001,10,top
R30,10K,R_0603_1608Metric_Pad1.05x0.95mm_HandSolder,64.366128,-47.133546,190,top
R31,470K,R_0603_1608Metric_Pad1.05x0.95mm_HandSolder,78.455241,-42.894741,240,top
R32,1K,R_0603_1608Metric_Pad1.05x0.95mm_HandSolder,76.765501,-45.963691,240,top
R33,1K,R_0603_1608Metric_Pad1.05x0.95mm_HandSolder,66.032133,-45.195136,190,top
R34,20K,R_0603_1608Metric_Pad1.05x0.95mm_HandSolder,80.18666,-39.946636,240,top
R35,10K,R_0603_1608Metric_Pad1.05x0.95mm_HandSolder,71.415918,-24.278112,300,top
R36,10K,R_0603_1608Metric_Pad1.05x0.95mm_HandSolder,69.786494,-35.820097,190,top
R37,20k,R_0603_1608Metric_Pad1.05x0.95mm_HandSolder,66.044109,-40.194906,10,top
R38,100K,R_0603_1608Metric_Pad1.05x0.95mm_HandSolder,83.193872,-38.095871,240,top
R39,20K,R_0603_1608Metric_Pad1.05x0.95mm_HandSolder,69.528194,-34.311749,190,top
R40,1M,R_0603_1608Metric_Pad1.05x0.95mm_HandSolder,73.173913,-50.421744,330,top
R41,1K,R_0603_1608Metric_Pad1.05x0.95mm_HandSolder,63.412787,-37.031359,270,top
R42,130K,R_0603_1608Metric_Pad1.05x0.95mm_HandSolder,74.459653,-48.225259,280,top
R43,1K,R_0603_1608Metric_Pad1.05x0.95mm_HandSolder,70.298341,-55.25506,330,top
R44,4.7K,R_0603_1608Metric_Pad1.05x0.95mm_HandSolder,72.668234,-53.045129,240,top
R45,100K,R_0603_1608Metric_Pad1.05x0.95mm_HandSolder,53.378296,-61.880896,0,top
R46,100K,R_0603_1608Metric_Pad1.05x0.95mm_HandSolder,59.306656,-58.213133,180,top
R47,10K,R_0603_1608Metric_Pad1.05x0.95mm_HandSolder,59.316818,-59.790474,0,top
R48,10M,R_0603_1608Metric_Pad1.05x0.95mm_HandSolder,52.806795,-64.362473,90,top
R49,10K,R_0603_1608Metric_Pad1.05x0.95mm_HandSolder,61.391993,-62.345711,270,top
R50,4.7K,R_0603_1608Metric_Pad1.05x0.95mm_HandSolder,53.324955,-66.93803,180,top
R51,3K,R_0603_1608Metric_Pad1.05x0.95mm_HandSolder,54.305398,-69.452631,270,top
U1,OP275,SOIC-8_3.9x4.9mm_P1.27mm,32.26308,-32.54756,250,top
U2,TL072,SOIC-8_3.9x4.9mm_P1.27mm,57.366749,-32.440777,320,top
U3,TL074,SOIC-14_3.9x8.7mm_P1.27mm,59.626782,-42.635311,0,top
U5,TL072,SOIC-8_3.9x4.9mm_P1.27mm,42.4053,-51.0032,0,top
U6,TL071,SOIC-8_3.9x4.9mm_P1.27mm,57.820751,-64.311674,180,top